"1","felipe","Felipe","f.elvira@cgiar.org","$2a$08$urHFb83b1BwjWvn3A5kzfO0ovuL93twgwsMgvAIMZhxpBhzfUnXV2","2/13/2020 11:46:59","2/13/2020 11:46:59",""
"2","SMO-assessor-1","SMO-assessor-1","assessor.1@cgiar.org","$2a$08$D58iKRShjXdKpKeJ0GaLDu.aTlvCRu5/RBf06p/3dKmNiT6vct12O","2/13/2020 14:27:12","2/13/2020 14:27:12",""
"3","SMO-assessor-2","SMO-assessor-2","assessor.2@cgiar.org","$2a$08$IrL3lCfkvrKy7vDuDgqrPe4pV7a4PIEoKqnx5JpaSAq9UzxqLI2He","2/13/2020 16:14:34","2/13/2020 16:14:34",""
"4","SMO-admin","SMO-admin","smo-admin@cgiar.org","$2a$08$GyIo.q2uzw0EFftVKFe0PujlGsrjXjs/ALjWg7JUlJE5/Q.baEQTG","3/12/2020 08:06:53","3/12/2020 08:06:53",""
"5","SMO-assessor-t","SMO-assessor-t","smo-assessor-t@cgiar.orgS","$2a$08$YxVs4sQCA62Z1acf0vrwt.lo.hQtmwjYgIiEJlgVS2bWjp6y5626a","3/12/2020 08:08:38","3/12/2020 08:08:38",""
"8","crp-FTA","CRP FTA Admin","fta-crp@cgiar.org","$2a$08$pS657TXDKoYjMNIQhXeoYOzWWd6jMRkXGzJkggRNT3DiTmL0CWDHS","3/17/2020 13:30:26","3/17/2020 13:30:26","9"
